Workbook

Sheet 看板
A1: 泵业冲压车间生产状态综合看板
A2: 白班 08:00-20:00 | 数据快照 2026-09-30 13:28 | 设备状态、模具寿命、生产产品与停机分析联动更新
A4: 设备开机率 | D4: 平均 OEE | G4: 当班总产量(件) | J4: 在用模具(套) | M4: 模具寿命预警(套) | P4: 累计停机(min)
A5: =汇总!H6 -> 0.5625 | D5: =汇总!L6 -> 0.71226105 | G5: =汇总!I6 -> 33970 | J5: =汇总!B10 -> 12 | M5: =汇总!E10 -> 5 | P5: =汇总!C24 -> 3575
A6: ="运行 "&汇总!C6&" / "&汇总!B6&" 台" -> 运行 9 / 16 台 | D6: ="在产 "&COUNTIF(设备状态!$P$2:$P$16,">0")&" 台均值 · 稼动×性能×良品" -> 在产 14 台均值 · 稼动×性能×良品 | G6: ="计划 "&TEXT(汇总!J6,"#,##0")&" 件 · 达成 "&TEXT(汇总!K6,"0.0%") -> 计划 43,000 件 · 达成 79.0% | J6: ="模具总数 "&汇总!B15&" 套" -> 模具总数 19 套 | M6: ="寿命占用 ≥90% 待研磨" -> 寿命占用 ≥90% 待研磨 | P6: ="停机 "&汇总!B24&" 次" -> 停机 19 次
A8: 车间生产概览
A9: 车间 | B9: 设备数 | C9: 运行 | D9: 故障停机 | E9: 开机率 | F9: 当班产量(件) | G9: 达成率
A10: =汇总!A3 -> 一号冲压车间 | B10: =汇总!B3 -> 6 | C10: =汇总!C3 -> 3 | D10: =汇总!F3 -> 1 | E10: =汇总!H3 -> 0.5 | F10: =汇总!I3 -> 11120 | G10: =汇总!K3 -> 0.81764706
A11: =汇总!A4 -> 二号冲压车间 | B11: =汇总!B4 -> 5 | C11: =汇总!C4 -> 3 | D11: =汇总!F4 -> 0 | E11: =汇总!H4 -> 0.6 | F11: =汇总!I4 -> 14810 | G11: =汇总!K4 -> 0.79623656
A12: =汇总!A5 -> 三号焊接车间 | B12: =汇总!B5 -> 5 | C12: =汇总!C5 -> 3 | D12: =汇总!F5 -> 1 | E12: =汇总!H5 -> 0.6 | F12: =汇总!I5 -> 8040 | G12: =汇总!K5 -> 0.74444444
A13: 合计 | B13: =SUM(B10:B12) -> 16 | C13: =SUM(C10:C12) -> 9 | D13: =SUM(D10:D12) -> 2 | E13: =IF($B13=0,"",$C13/$B13) -> 0.5625 | F13: =SUM(F10:F12) -> 33970 | G13: =汇总!K6 -> 0.79

Sheet 生产明细
A1: 序号 | B1: 班次 | C1: 设备编号 | D1: 设备名称 | E1: 所属车间 | F1: 生产产品 | G1: 配对模具 | H1: 当班产量(件) | I1: 计划产量(件) | J1: 达成率 | K1: 不良数(件) | L1: 良品率 | M1: 备注
A2: 1 | B2: 白班 | C2: SB-101 | D2: =IF($C2="","",IFERROR(VLOOKUP($C2,设备状态!$A:$B,2,0),"")) -> 400T 闭式双点压力机 | E2: =IF($C2="","",IFERROR(VLOOKUP($C2,设备状态!$A:$C,3,0),"")) -> 一号冲压车间 | F2: =IF($C2="","",IFERROR(VLOOKUP($C2,模具状态!$C:$E,3,0),"")) -> PK-400 泵壳 | G2: M-PK400-A | H2: 2840 | I2: 3100 | J2: =IF(OR($I2="",$I2=0),"",$H2/$I2) -> 0.91612903 | K2: 45 | L2: =IF(OR($H2="",$H2=0),"",($H2-$K2)/$H2) -> 0.98415493
A3: 2 | B3: 白班 | C3: SB-102 | D3: =IF($C3="","",IFERROR(VLOOKUP($C3,设备状态!$A:$B,2,0),"")) -> 250T 开式压力机 | E3: =IF($C3="","",IFERROR(VLOOKUP($C3,设备状态!$A:$C,3,0),"")) -> 一号冲压车间 | F3: =IF($C3="","",IFERROR(VLOOKUP($C3,模具状态!$C:$E,3,0),"")) -> YL-250 叶轮 | G3: M-YL250-B | H3: 3560 | I3: 3400 | J3: =IF(OR($I3="",$I3=0),"",$H3/$I3) -> 1.0470588 | K3: 39 | L3: =IF(OR($H3="",$H3=0),"",($H3-$K3)/$H3) -> 0.98904494
A4: 3 | B4: 白班 | C4: SB-103 | D4: =IF($C4="","",IFERROR(VLOOKUP($C4,设备状态!$A:$B,2,0),"")) -> 160T 开式压力机 | E4: =IF($C4="","",IFERROR(VLOOKUP($C4,设备状态!$A:$C,3,0),"")) -> 一号冲压车间 | F4: =IF($C4="","",IFERROR(VLOOKUP($C4,模具状态!$C:$E,3,0),"")) -> FL-150 法兰 | G4: M-FL160-C | H4: 1680 | I4: 2600 | J4: =IF(OR($I4="",$I4=0),"",$H4/$I4) -> 0.64615385 | K4: 52 | L4: =IF(OR($H4="",$H4=0),"",($H4-$K4)/$H4) -> 0.96904762 | M4: 白班换模调机 300min
A5: 4 | B5: 白班 | C5: SB-104 | D5: =IF($C5="","",IFERROR(VLOOKUP($C5,设备状态!$A:$B,2,0),"")) -> 200T 液压冲床 | E5: =IF($C5="","",IFERROR(VLOOKUP($C5,设备状态!$A:$C,3,0),"")) -> 一号冲压车间 | F5: =IF($C5="","",IFERROR(VLOOKUP($C5,模具状态!$C:$E,3,0),"")) -> PK-400 泵壳 | G5: M-PK200-D | H5: 920 | I5: 2200 | J5: =IF(OR($I5="",$I5=0),"",$H5/$I5) -> 0.41818182 | K5: 31 | L5: =IF(OR($H5="",$H5=0),"",($H5-$K5)/$H5) -> 0.96630435 | M5: 液压系统维修中，待备件
A6: 5 | B6: 白班 | C6: SB-105 | D6: =IF($C6="","",IFERROR(VLOOKUP($C6,设备状态!$A:$B,2,0),"")) -> 315T 精冲压力机 | E6: =IF($C6="","",IFERROR(VLOOKUP($C6,设备状态!$A:$C,3,0),"")) -> 一号冲压车间 | F6: =IF($C6="","",IFERROR(VLOOKUP($C6,模具状态!$C:$E,3,0),"")) -> YL-250 叶轮 | G6: M-YL315-E | H6: 1980 | I6: 2100 | J6: =IF(OR($I6="",$I6=0),"",$H6/$I6) -> 0.94285714 | K6: 22 | L6: =IF(OR($H6="",$H6=0),"",($H6-$K6)/$H6) -> 0.98888889
A7: 6 | B7: 白班 | C7: SB-201 | D7: =IF($C7="","",IFERROR(VLOOKUP($C7,设备状态!$A:$B,2,0),"")) -> 125T 高速冲床 | E7: =IF($C7="","",IFERROR(VLOOKUP($C7,设备状态!$A:$C,3,0),"")) -> 二号冲压车间 | F7: =IF($C7="","",IFERROR(VLOOKUP($C7,模具状态!$C:$E,3,0),"")) -> FL-150 法兰 | G7: M-FL125-G | H7: 5820 | I7: 5600 | J7: =IF(OR($I7="",$I7=0),"",$H7/$I7) -> 1.0392857 | K7: 58 | L7: =IF(OR($H7="",$H7=0),"",($H7-$K7)/$H7) -> 0.99003436
A8: 7 | B8: 白班 | C8: SB-202 | D8: =IF($C8="","",IFERROR(VLOOKUP($C8,设备状态!$A:$B,2,0),"")) -> 110T 高速冲床 | E8: =IF($C8="","",IFERROR(VLOOKUP($C8,设备状态!$A:$C,3,0),"")) -> 二号冲压车间 | F8: =IF($C8="","",IFERROR(VLOOKUP($C8,模具状态!$C:$E,3,0),"")) -> MF-100 密封盖 | G8: M-MF110-H | H8: 5460 | I8: 5400 | J8: =IF(OR($I8="",$I8=0),"",$H8/$I8) -> 1.0111111 | K8: 71 | L8: =IF(OR($H8="",$H8=0),"",($H8-$K8)/$H8) -> 0.98699634
A9: 8 | B9: 白班 | C9: SB-203 | D9: =IF($C9="","",IFERROR(VLOOKUP($C9,设备状态!$A:$B,2,0),"")) -> 80T 开式压力机 | E9: =IF($C9="","",IFERROR(VLOOKUP($C9,设备状态!$A:$C,3,0),"")) -> 二号冲压车间 | F9: =IF($C9="","",IFERROR(VLOOKUP($C9,模具状态!$C:$E,3,0),"")) -> DG-200 端盖 | G9: M-DG080-I | H9: 0 | I9: 1800 | J9: =IF(OR($I9="",$I9=0),"",$H9/$I9) -> 0 | K9: 0 | L9: =IF(OR($H9="",$H9=0),"",($H9-$K9)/$H9) | M9: 季度计划保养，夜班恢复
A10: 9 | B10: 白班 | C10: SB-204 | D10: =IF($C10="","",IFERROR(VLOOKUP($C10,设备状态!$A:$B,2,0),"")) -> 160T 开式压力机 | E10: =IF($C10="","",IFERROR(VLOOKUP($C10,设备状态!$A:$C,3,0),"")) -> 二号冲压车间 | F10: =IF($C10="","",IFERROR(VLOOKUP($C10,模具状态!$C:$E,3,0),"")) -> FL-150 法兰 | G10: M-FL160-J | H10: 3120 | I10: 3200 | J10: =IF(OR($I10="",$I10=0),"",$H10/$I10) -> 0.975 | K10: 28 | L10: =IF(OR($H10="",$H10=0),"",($H10-$K10)/$H10) -> 0.99102564
A11: 10 | B11: 白班 | C11: SB-205 | D11: =IF($C11="","",IFERROR(VLOOKUP($C11,设备状态!$A:$B,2,0),"")) -> 250T 液压冲床 | E11: =IF($C11="","",IFERROR(VLOOKUP($C11,设备状态!$A:$C,3,0),"")) -> 二号冲压车间 | F11: =IF($C11="","",IFERROR(VLOOKUP($C11,模具状态!$C:$E,3,0),"")) -> MF-100 密封盖 | G11: M-MF250-K | H11: 410 | I11: 2600 | J11: =IF(OR($I11="",$I11=0),"",$H11/$I11) -> 0.15769231 | K11: 9 | L11: =IF(OR($H11="",$H11=0),"",($H11-$K11)/$H11) -> 0.97804878 | M11: 待料+换模，产出偏低
A12: 11 | B12: 白班 | C12: SB-301 | D12: =IF($C12="","",IFERROR(VLOOKUP($C12,设备状态!$A:$B,2,0),"")) -> 355T 闭式压力机 | E12: =IF($C12="","",IFERROR(VLOOKUP($C12,设备状态!$A:$C,3,0),"")) -> 三号焊接车间 | F12: =IF($C12="","",IFERROR(VLOOKUP($C12,模具状态!$C:$E,3,0),"")) -> PT-350 泵体 | G12: M-PT355-M | H12: 1640 | I12: 1900 | J12: =IF(OR($I12="",$I12=0),"",$H12/$I12) -> 0.86315789 | K12: 18 | L12: =IF(OR($H12="",$H12=0),"",($H12-$K12)/$H12) -> 0.98902439
A13: 12 | B13: 白班 | C13: SB-302 | D13: =IF($C13="","",IFERROR(VLOOKUP($C13,设备状态!$A:$B,2,0),"")) -> 220T 闭式压力机 | E13: =IF($C13="","",IFERROR(VLOOKUP($C13,设备状态!$A:$C,3,0),"")) -> 三号焊接车间 | F13: =IF($C13="","",IFERROR(VLOOKUP($C13,模具状态!$C:$E,3,0),"")) -> PT-350 泵体 | G13: M-PT220-N | H13: 2140 | I13: 2200 | J13: =IF(OR($I13="",$I13=0),"",$H13/$I13) -> 0.97272727 | K13: 25 | L13: =IF(OR($H13="",$H13=0),"",($H13-$K13)/$H13) -> 0.98831776
A14: 13 | B14: 白班 | C14: SB-303 | D14: =IF($C14="","",IFERROR(VLOOKUP($C14,设备状态!$A:$B,2,0),"")) -> 140T 开式压力机 | E14: =IF($C14="","",IFERROR(VLOOKUP($C14,设备状态!$A:$C,3,0),"")) -> 三号焊接车间 | F14: =IF($C14="","",IFERROR(VLOOKUP($C14,模具状态!$C:$E,3,0),"")) -> FL-150 法兰 | G14: M-FL140-O | H14: 2860 | I14: 2800 | J14: =IF(OR($I14="",$I14=0),"",$H14/$I14) -> 1.0214286 | K14: 33 | L14: =IF(OR($H14="",$H14=0),"",($H14-$K14)/$H14) -> 0.98846154
A15: 14 | B15: 白班 | C15: SB-304 | D15: =IF($C15="","",IFERROR(VLOOKUP($C15,设备状态!$A:$B,2,0),"")) -> 63T 开式压力机 | E15: =IF($C15="","",IFERROR(VLOOKUP($C15,设备状态!$A:$C,3,0),"")) -> 三号焊接车间 | F15: =IF($C15="","",IFERROR(VLOOKUP($C15,模具状态!$C:$E,3,0),"")) -> ZJ-063 泵支架 | G15: M-ZJ063-P | H15: 760 | I15: 2400 | J15: =IF(OR($I15="",$I15=0),"",$H15/$I15) -> 0.31666667 | K15: 14 | L15: =IF(OR($H15="",$H15=0),"",($H15-$K15)/$H15) -> 0.98157895
A16: 15 | B16: 白班 | C16: SB-305 | D16: =IF($C16="","",IFERROR(VLOOKUP($C16,设备状态!$A:$B,2,0),"")) -> 200T 折弯冲床 | E16: =IF($C16="","",IFERROR(VLOOKUP($C16,设备状态!$A:$C,3,0),"")) -> 三号焊接车间 | F16: =IF($C16="","",IFERROR(VLOOKUP($C16,模具状态!$C:$E,3,0),"")) -> PT-350 泵体 | G16: M-PT200-Q | H16: 640 | I16: 1500 | J16: =IF(OR($I16="",$I16=0),"",$H16/$I16) -> 0.42666667 | K16: 12 | L16: =IF(OR($H16="",$H16=0),"",($H16-$K16)/$H16) -> 0.98125 | M16: 电机维修中，预计夜班恢复
A17: 16 | B17: 白班 | C17: YL-B-035 | D17: =IF($C17="","",IFERROR(VLOOKUP($C17,设备状态!$A:$B,2,0),"")) -> J23-100T压力机 | E17: =IF($C17="","",IFERROR(VLOOKUP($C17,设备状态!$A:$C,3,0),"")) -> 一号冲压车间 | F17: =IF($C17="","",IFERROR(VLOOKUP($C17,模具状态!$C:$E,3,0),"")) -> GD50-200/400泵壳 | G17: M-GD50-200 | H17: 140 | I17: 200 | J17: =IF(OR($I17="",$I17=0),"",$H17/$I17) -> 0.7 | K17: 3 | L17: =IF(OR($H17="",$H17=0),"",($H17-$K17)/$H17) -> 0.97857143

Sheet 设备状态
A1: 设备编号 | B1: 设备名称 | C1: 所属车间 | D1: 设备类型 | E1: 吨位(t) | F1: 设备状态 | G1: 当班运行(min) | H1: 当班停机(min) | I1: 当班产量(件) | J1: 节拍(件/min) | K1: 计划产量(件) | L1: 不良数(件) | M1: 时间稼动率 | N1: 性能稼动率 | O1: 良品率 | P1: OEE | Q1: 达成率 | R1: 责任人
A2: SB-101 | B2: 400T 闭式双点压力机 | C2: 一号冲压车间 | D2: 机械压力机 | E2: 400 | F2: 运行 | G2: 655 | H2: 65 | I2: =IF($A2="","",SUMIF(生产明细!$C:$C,$A2,生产明细!$H:$H)) -> 2840 | J2: 4.34 | K2: =IF($A2="","",SUMIF(生产明细!$C:$C,$A2,生产明细!$I:$I)) -> 3100 | L2: =IF($A2="","",SUMIF(生产明细!$C:$C,$A2,生产明细!$K:$K)) -> 45 | M2: =IF($G2="","",$G2/基础配置!$B$3) -> 0.90972222 | N2: =IF(OR($G2="",$G2=0,$J2=""),"",IF($J2=0,"",$I2/($G2*$J2))) -> 0.9990502 | O2: =IF(OR($I2="",$I2=0),"",($I2-$L2)/$I2) -> 0.98415493 | P2: =IF(OR($M2="",$N2="",$O2=""),"",$M2*$N2*$O2) -> 0.89445725 | Q2: =IF(OR($K2="",$K2=0),"",$I2/$K2) -> 0.91612903 | R2: 张建国
A3: SB-102 | B3: 250T 开式压力机 | C3: 一号冲压车间 | D3: 机械压力机 | E3: 250 | F3: 运行 | G3: 690 | H3: 30 | I3: =IF($A3="","",SUMIF(生产明细!$C:$C,$A3,生产明细!$H:$H)) -> 3560 | J3: 5.16 | K3: =IF($A3="","",SUMIF(生产明细!$C:$C,$A3,生产明细!$I:$I)) -> 3400 | L3: =IF($A3="","",SUMIF(生产明细!$C:$C,$A3,生产明细!$K:$K)) -> 39 | M3: =IF($G3="","",$G3/基础配置!$B$3) -> 0.95833333 | N3: =IF(OR($G3="",$G3=0,$J3=""),"",IF($J3=0,"",$I3/($G3*$J3))) -> 0.99988765 | O3: =IF(OR($I3="",$I3=0),"",($I3-$L3)/$I3) -> 0.98904494 | P3: =IF(OR($M3="",$N3="",$O3=""),"",$M3*$N3*$O3) -> 0.94772825 | Q3: =IF(OR($K3="",$K3=0),"",$I3/$K3) -> 1.0470588 | R3: 李海峰
A4: SB-103 | B4: 160T 开式压力机 | C4: 一号冲压车间 | D4: 机械压力机 | E4: 160 | F4: 调模 | G4: 420 | H4: 300 | I4: =IF($A4="","",SUMIF(生产明细!$C:$C,$A4,生产明细!$H:$H)) -> 1680 | J4: 4 | K4: =IF($A4="","",SUMIF(生产明细!$C:$C,$A4,生产明细!$I:$I)) -> 2600 | L4: =IF($A4="","",SUMIF(生产明细!$C:$C,$A4,生产明细!$K:$K)) -> 52 | M4: =IF($G4="","",$G4/基础配置!$B$3) -> 0.58333333 | N4: =IF(OR($G4="",$G4=0,$J4=""),"",IF($J4=0,"",$I4/($G4*$J4))) -> 1 | O4: =IF(OR($I4="",$I4=0),"",($I4-$L4)/$I4) -> 0.96904762 | P4: =IF(OR($M4="",$N4="",$O4=""),"",$M4*$N4*$O4) -> 0.56527778 | Q4: =IF(OR($K4="",$K4=0),"",$I4/$K4) -> 0.64615385 | R4: 王振宇
A5: SB-104 | B5: 200T 液压冲床 | C5: 一号冲压车间 | D5: 液压机 | E5: 200 | F5: 故障停机 | G5: 310 | H5: 410 | I5: =IF($A5="","",SUMIF(生产明细!$C:$C,$A5,生产明细!$H:$H)) -> 920 | J5: 2.97 | K5: =IF($A5="","",SUMIF(生产明细!$C:$C,$A5,生产明细!$I:$I)) -> 2200 | L5: =IF($A5="","",SUMIF(生产明细!$C:$C,$A5,生产明细!$K:$K)) -> 31 | M5: =IF($G5="","",$G5/基础配置!$B$3) -> 0.43055556 | N5: =IF(OR($G5="",$G5=0,$J5=""),"",IF($J5=0,"",$I5/($G5*$J5))) -> 0.99923971 | O5: =IF(OR($I5="",$I5=0),"",($I5-$L5)/$I5) -> 0.96630435 | P5: =IF(OR($M5="",$N5="",$O5=""),"",$M5*$N5*$O5) -> 0.41573139 | Q5: =IF(OR($K5="",$K5=0),"",$I5/$K5) -> 0.41818182 | R5: 赵明辉
A6: SB-105 | B6: 315T 精冲压力机 | C6: 一号冲压车间 | D6: 精冲机 | E6: 315 | F6: 运行 | G6: 665 | H6: 55 | I6: =IF($A6="","",SUMIF(生产明细!$C:$C,$A6,生产明细!$H:$H)) -> 1980 | J6: 2.98 | K6: =IF($A6="","",SUMIF(生产明细!$C:$C,$A6,生产明细!$I:$I)) -> 2100 | L6: =IF($A6="","",SUMIF(生产明细!$C:$C,$A6,生产明细!$K:$K)) -> 22 | M6: =IF($G6="","",$G6/基础配置!$B$3) -> 0.92361111 | N6: =IF(OR($G6="",$G6=0,$J6=""),"",IF($J6=0,"",$I6/($G6*$J6))) -> 0.99914215 | O6: =IF(OR($I6="",$I6=0),"",($I6-$L6)/$I6) -> 0.98888889 | P6: =IF(OR($M6="",$N6="",$O6=""),"",$M6*$N6*$O6) -> 0.91256525 | Q6: =IF(OR($K6="",$K6=0),"",$I6/$K6) -> 0.94285714 | R6: 陈立新
A7: SB-201 | B7: 125T 高速冲床 | C7: 二号冲压车间 | D7: 高速冲床 | E7: 125 | F7: 运行 | G7: 700 | H7: 20 | I7: =IF($A7="","",SUMIF(生产明细!$C:$C,$A7,生产明细!$H:$H)) -> 5820 | J7: 8.31 | K7: =IF($A7="","",SUMIF(生产明细!$C:$C,$A7,生产明细!$I:$I)) -> 5600 | L7: =IF($A7="","",SUMIF(生产明细!$C:$C,$A7,生产明细!$K:$K)) -> 58 | M7: =IF($G7="","",$G7/基础配置!$B$3) -> 0.97222222 | N7: =IF(OR($G7="",$G7=0,$J7=""),"",IF($J7=0,"",$I7/($G7*$J7))) -> 1.0005157 | O7: =IF(OR($I7="",$I7=0),"",($I7-$L7)/$I7) -> 0.99003436 | P7: =IF(OR($M7="",$N7="",$O7=""),"",$M7*$N7*$O7) -> 0.96302982 | Q7: =IF(OR($K7="",$K7=0),"",$I7/$K7) -> 1.0392857 | R7: 刘志强
A8: SB-202 | B8: 110T 高速冲床 | C8: 二号冲压车间 | D8: 高速冲床 | E8: 110 | F8: 运行 | G8: 690 | H8: 30 | I8: =IF($A8="","",SUMIF(生产明细!$C:$C,$A8,生产明细!$H:$H)) -> 5460 | J8: 7.91 | K8: =IF($A8="","",SUMIF(生产明细!$C:$C,$A8,生产明细!$I:$I)) -> 5400 | L8: =IF($A8="","",SUMIF(生产明细!$C:$C,$A8,生产明细!$K:$K)) -> 71 | M8: =IF($G8="","",$G8/基础配置!$B$3) -> 0.95833333 | N8: =IF(OR($G8="",$G8=0,$J8=""),"",IF($J8=0,"",$I8/($G8*$J8))) -> 1.0003848 | O8: =IF(OR($I8="",$I8=0),"",($I8-$L8)/$I8) -> 0.98699634 | P8: =IF(OR($M8="",$N8="",$O8=""),"",$M8*$N8*$O8) -> 0.94623543 | Q8: =IF(OR($K8="",$K8=0),"",$I8/$K8) -> 1.0111111 | R8: 孙浩然
A9: SB-203 | B9: 80T 开式压力机 | C9: 二号冲压车间 | D9: 机械压力机 | E9: 80 | F9: 计划保养 | G9: 0 | H9: 720 | I9: =IF($A9="","",SUMIF(生产明细!$C:$C,$A9,生产明细!$H:$H)) -> 0 | J9: 0 | K9: =IF($A9="","",SUMIF(生产明细!$C:$C,$A9,生产明细!$I:$I)) -> 1800 | L9: =IF($A9="","",SUMIF(生产明细!$C:$C,$A9,生产明细!$K:$K)) -> 0 | M9: =IF($G9="","",$G9/基础配置!$B$3) -> 0 | N9: =IF(OR($G9="",$G9=0,$J9=""),"",IF($J9=0,"",$I9/($G9*$J9))) | O9: =IF(OR($I9="",$I9=0),"",($I9-$L9)/$I9) | P9: =IF(OR($M9="",$N9="",$O9=""),"",$M9*$N9*$O9) | Q9: =IF(OR($K9="",$K9=0),"",$I9/$K9) -> 0 | R9: 周建军
A10: SB-204 | B10: 160T 开式压力机 | C10: 二号冲压车间 | D10: 机械压力机 | E10: 160 | F10: 运行 | G10: 640 | H10: 80 | I10: =IF($A10="","",SUMIF(生产明细!$C:$C,$A10,生产明细!$H:$H)) -> 3120 | J10: 4.88 | K10: =IF($A10="","",SUMIF(生产明细!$C:$C,$A10,生产明细!$I:$I)) -> 3200 | L10: =IF($A10="","",SUMIF(生产明细!$C:$C,$A10,生产明细!$K:$K)) -> 28 | M10: =IF($G10="","",$G10/基础配置!$B$3) -> 0.88888889 | N10: =IF(OR($G10="",$G10=0,$J10=""),"",IF($J10=0,"",$I10/($G10*$J10))) -> 0.99897541 | O10: =IF(OR($I10="",$I10=0),"",($I10-$L10)/$I10) -> 0.99102564 | P10: =IF(OR($M10="",$N10="",$O10=""),"",$M10*$N10*$O10) -> 0.88000911 | Q10: =IF(OR($K10="",$K10=0),"",$I10/$K10) -> 0.975 | R10: 吴俊杰
A11: SB-205 | B11: 250T 液压冲床 | C11: 二号冲压车间 | D11: 液压机 | E11: 250 | F11: 待机 | G11: 95 | H11: 625 | I11: =IF($A11="","",SUMIF(生产明细!$C:$C,$A11,生产明细!$H:$H)) -> 410 | J11: 4.32 | K11: =IF($A11="","",SUMIF(生产明细!$C:$C,$A11,生产明细!$I:$I)) -> 2600 | L11: =IF($A11="","",SUMIF(生产明细!$C:$C,$A11,生产明细!$K:$K)) -> 9 | M11: =IF($G11="","",$G11/基础配置!$B$3) -> 0.13194444 | N11: =IF(OR($G11="",$G11=0,$J11=""),"",IF($J11=0,"",$I11/($G11*$J11))) -> 0.99902534 | O11: =IF(OR($I11="",$I11=0),"",($I11-$L11)/$I11) -> 0.97804878 | P11: =IF(OR($M11="",$N11="",$O11=""),"",$M11*$N11*$O11) -> 0.12892233 | Q11: =IF(OR($K11="",$K11=0),"",$I11/$K11) -> 0.15769231 | R11: 郑伟东
A12: SB-301 | B12: 355T 闭式压力机 | C12: 三号焊接车间 | D12: 机械压力机 | E12: 355 | F12: 运行 | G12: 665 | H12: 55 | I12: =IF($A12="","",SUMIF(生产明细!$C:$C,$A12,生产明细!$H:$H)) -> 1640 | J12: 2.47 | K12: =IF($A12="","",SUMIF(生产明细!$C:$C,$A12,生产明细!$I:$I)) -> 1900 | L12: =IF($A12="","",SUMIF(生产明细!$C:$C,$A12,生产明细!$K:$K)) -> 18 | M12: =IF($G12="","",$G12/基础配置!$B$3) -> 0.92361111 | N12: =IF(OR($G12="",$G12=0,$J12=""),"",IF($J12=0,"",$I12/($G12*$J12))) -> 0.99844754 | O12: =IF(OR($I12="",$I12=0),"",($I12-$L12)/$I12) -> 0.98902439 | P12: =IF(OR($M12="",$N12="",$O12=""),"",$M12*$N12*$O12) -> 0.91205578 | Q12: =IF(OR($K12="",$K12=0),"",$I12/$K12) -> 0.86315789 | R12: 冯国栋
A13: SB-302 | B13: 220T 闭式压力机 | C13: 三号焊接车间 | D13: 机械压力机 | E13: 220 | F13: 运行 | G13: 675 | H13: 45 | I13: =IF($A13="","",SUMIF(生产明细!$C:$C,$A13,生产明细!$H:$H)) -> 2140 | J13: 3.17 | K13: =IF($A13="","",SUMIF(生产明细!$C:$C,$A13,生产明细!$I:$I)) -> 2200 | L13: =IF($A13="","",SUMIF(生产明细!$C:$C,$A13,生产明细!$K:$K)) -> 25 | M13: =IF($G13="","",$G13/基础配置!$B$3) -> 0.9375 | N13: =IF(OR($G13="",$G13=0,$J13=""),"",IF($J13=0,"",$I13/($G13*$J13))) -> 1.0001168 | O13: =IF(OR($I13="",$I13=0),"",($I13-$L13)/$I13) -> 0.98831776 | P13: =IF(OR($M13="",$N13="",$O13=""),"",$M13*$N13*$O13) -> 0.92665615 | Q13: =IF(OR($K13="",$K13=0),"",$I13/$K13) -> 0.97272727 | R13: 许文博
... A17: YL-B-035 | B17: J23-100T压力机 | C17: 一号冲压车间 | D17: 机械压力机 | E17: 100 | F17: 调模 | G17: 0 | H17: 60 | I17: =IF($A17="","",SUMIF(生产明细!$C:$C,$A17,生产明细!$H:$H)) -> 140 | J17: 0 | K17: =IF($A17="","",SUMIF(生产明细!$C:$C,$A17,生产明细!$I:$I)) -> 200 | L17: =IF($A17="","",SUMIF(生产明细!$C:$C,$A17,生产明细!$K:$K)) -> 3 | M17: =IF($G17="","",$G17/基础配置!$B$3) -> 0 | N17: =IF(OR($G17="",$G17=0,$J17=""),"",IF($J17=0,"",$I17/($G17*$J17))) | O17: =IF(OR($I17="",$I17=0),"",($I17-$L17)/$I17) -> 0.97857143 | P17: =IF(OR($M17="",$N17="",$O17=""),"",$M17*$N17*$O17) | Q17: =IF(OR($K17="",$K17=0),"",$I17/$K17) -> 0.7 | R17: 甲乙丙

Sheet 模具状态
A1: 模具编号 | B1: 模具名称 | C1: 配对设备 | D1: 所属车间 | E1: 生产产品 | F1: 模具状态 | G1: 已冲次数 | H1: 寿命上限 | I1: 寿命占用 | J1: 剩余可用(次) | K1: 上次研磨日期 | L1: 安装日期 | M1: 责任人 | N1: 状态判定
A2: MJ-101 | B2: 泵壳成型模 | C2: SB-101 | D2: =IF($C2="","",IFERROR(VLOOKUP($C2,设备状态!$A:$C,3,0),"")) -> 一号冲压车间 | E2: PK-400 泵壳 | F2: 在用 | G2: 182400 | H2: 200000 | I2: =IF(OR($G2="",$H2="",$H2=0),"",$G2/$H2) -> 0.912 | J2: =IF(OR($G2="",$H2=""),"",MAX($H2-$G2,0)) -> 17600 | K2: 46221 | L2: 46254 | M2: 张建国 | N2: =IF($F2="","",IF(AND($F2="在用",$I2<>""),IF($I2>=1,"超寿命待研磨",IF($I2>=基础配置!$B$4,"寿命预警",$F2)),$F2)) -> 寿命预警
A3: MJ-102 | B3: 叶轮落料模 | C3: SB-102 | D3: =IF($C3="","",IFERROR(VLOOKUP($C3,设备状态!$A:$C,3,0),"")) -> 一号冲压车间 | E3: YL-250 叶轮 | F3: 在用 | G3: 96400 | H3: 150000 | I3: =IF(OR($G3="",$H3="",$H3=0),"",$G3/$H3) -> 0.64266667 | J3: =IF(OR($G3="",$H3=""),"",MAX($H3-$G3,0)) -> 53600 | K3: 46239 | L3: 46267 | M3: 李海峰 | N3: =IF($F3="","",IF(AND($F3="在用",$I3<>""),IF($I3>=1,"超寿命待研磨",IF($I3>=基础配置!$B$4,"寿命预警",$F3)),$F3)) -> 在用
A4: MJ-103 | B4: 法兰成型模 | C4: SB-103 | D4: =IF($C4="","",IFERROR(VLOOKUP($C4,设备状态!$A:$C,3,0),"")) -> 一号冲压车间 | E4: FL-150 法兰 | F4: 在用 | G4: 148200 | H4: 150000 | I4: =IF(OR($G4="",$H4="",$H4=0),"",$G4/$H4) -> 0.988 | J4: =IF(OR($G4="",$H4=""),"",MAX($H4-$G4,0)) -> 1800 | K4: 46201 | L4: 46245 | M4: 王振宇 | N4: =IF($F4="","",IF(AND($F4="在用",$I4<>""),IF($I4>=1,"超寿命待研磨",IF($I4>=基础配置!$B$4,"寿命预警",$F4)),$F4)) -> 寿命预警
A5: MJ-104 | B5: 泵壳拉伸模 | C5: SB-104 | D5: =IF($C5="","",IFERROR(VLOOKUP($C5,设备状态!$A:$C,3,0),"")) -> 一号冲压车间 | E5: PK-400 泵壳 | F5: 在用 | G5: 127600 | H5: 180000 | I5: =IF(OR($G5="",$H5="",$H5=0),"",$G5/$H5) -> 0.70888889 | J5: =IF(OR($G5="",$H5=""),"",MAX($H5-$G5,0)) -> 52400 | K5: 46233 | L5: 46260 | M5: 赵明辉 | N5: =IF($F5="","",IF(AND($F5="在用",$I5<>""),IF($I5>=1,"超寿命待研磨",IF($I5>=基础配置!$B$4,"寿命预警",$F5)),$F5)) -> 在用
A6: MJ-105 | B6: 叶轮冲孔模 | C6: SB-105 | D6: =IF($C6="","",IFERROR(VLOOKUP($C6,设备状态!$A:$C,3,0),"")) -> 一号冲压车间 | E6: YL-250 叶轮 | F6: 在用 | G6: 62800 | H6: 120000 | I6: =IF(OR($G6="",$H6="",$H6=0),"",$G6/$H6) -> 0.52333333 | J6: =IF(OR($G6="",$H6=""),"",MAX($H6-$G6,0)) -> 57200 | K6: 46256 | L6: 46275 | M6: 陈立新 | N6: =IF($F6="","",IF(AND($F6="在用",$I6<>""),IF($I6>=1,"超寿命待研磨",IF($I6>=基础配置!$B$4,"寿命预警",$F6)),$F6)) -> 在用
A7: MJ-106 | B7: 泵壳切边模 | C7: SB-103 | D7: =IF($C7="","",IFERROR(VLOOKUP($C7,设备状态!$A:$C,3,0),"")) -> 一号冲压车间 | E7: PK-400 泵壳 | F7: 待用 | G7: 41200 | H7: 100000 | I7: =IF(OR($G7="",$H7="",$H7=0),"",$G7/$H7) -> 0.412 | J7: =IF(OR($G7="",$H7=""),"",MAX($H7-$G7,0)) -> 58800 | K7: 46248 | L7: 46266 | M7: 王振宇 | N7: =IF($F7="","",IF(AND($F7="在用",$I7<>""),IF($I7>=1,"超寿命待研磨",IF($I7>=基础配置!$B$4,"寿命预警",$F7)),$F7)) -> 待用
A8: MJ-201 | B8: 法兰冲孔模 | C8: SB-201 | D8: =IF($C8="","",IFERROR(VLOOKUP($C8,设备状态!$A:$C,3,0),"")) -> 二号冲压车间 | E8: FL-150 法兰 | F8: 在用 | G8: 232600 | H8: 250000 | I8: =IF(OR($G8="",$H8="",$H8=0),"",$G8/$H8) -> 0.9304 | J8: =IF(OR($G8="",$H8=""),"",MAX($H8-$G8,0)) -> 17400 | K8: 46214 | L8: 46228 | M8: 刘志强 | N8: =IF($F8="","",IF(AND($F8="在用",$I8<>""),IF($I8>=1,"超寿命待研磨",IF($I8>=基础配置!$B$4,"寿命预警",$F8)),$F8)) -> 寿命预警
A9: MJ-202 | B9: 密封盖成型模 | C9: SB-202 | D9: =IF($C9="","",IFERROR(VLOOKUP($C9,设备状态!$A:$C,3,0),"")) -> 二号冲压车间 | E9: MF-100 密封盖 | F9: 在用 | G9: 38400 | H9: 200000 | I9: =IF(OR($G9="",$H9="",$H9=0),"",$G9/$H9) -> 0.192 | J9: =IF(OR($G9="",$H9=""),"",MAX($H9-$G9,0)) -> 161600 | K9: 46262 | L9: 46280 | M9: 孙浩然 | N9: =IF($F9="","",IF(AND($F9="在用",$I9<>""),IF($I9>=1,"超寿命待研磨",IF($I9>=基础配置!$B$4,"寿命预警",$F9)),$F9)) -> 在用
A10: MJ-203 | B10: 端盖落料模 | C10: SB-203 | D10: =IF($C10="","",IFERROR(VLOOKUP($C10,设备状态!$A:$C,3,0),"")) -> 二号冲压车间 | E10: DG-200 端盖 | F10: 待用 | G10: 87600 | H10: 180000 | I10: =IF(OR($G10="",$H10="",$H10=0),"",$G10/$H10) -> 0.48666667 | J10: =IF(OR($G10="",$H10=""),"",MAX($H10-$G10,0)) -> 92400 | K10: 46208 | L10: 46242 | M10: 周建军 | N10: =IF($F10="","",IF(AND($F10="在用",$I10<>""),IF($I10>=1,"超寿命待研磨",IF($I10>=基础配置!$B$4,"寿命预警",$F10)),$F10)) -> 待用
A11: MJ-204 | B11: 法兰折弯模 | C11: SB-204 | D11: =IF($C11="","",IFERROR(VLOOKUP($C11,设备状态!$A:$C,3,0),"")) -> 二号冲压车间 | E11: FL-150 法兰 | F11: 在用 | G11: 176900 | H11: 180000 | I11: =IF(OR($G11="",$H11="",$H11=0),"",$G11/$H11) -> 0.98277778 | J11: =IF(OR($G11="",$H11=""),"",MAX($H11-$G11,0)) -> 3100 | K11: 46193 | L11: 46249 | M11: 吴俊杰 | N11: =IF($F11="","",IF(AND($F11="在用",$I11<>""),IF($I11>=1,"超寿命待研磨",IF($I11>=基础配置!$B$4,"寿命预警",$F11)),$F11)) -> 寿命预警
A12: MJ-205 | B12: 密封盖拉深模 | C12: SB-205 | D12: =IF($C12="","",IFERROR(VLOOKUP($C12,设备状态!$A:$C,3,0),"")) -> 二号冲压车间 | E12: MF-100 密封盖 | F12: 研磨中 | G12: 59600 | H12: 90000 | I12: =IF(OR($G12="",$H12="",$H12=0),"",$G12/$H12) -> 0.66222222 | J12: =IF(OR($G12="",$H12=""),"",MAX($H12-$G12,0)) -> 30400 | K12: 46293 | L12: 46264 | M12: 郑伟东 | N12: =IF($F12="","",IF(AND($F12="在用",$I12<>""),IF($I12>=1,"超寿命待研磨",IF($I12>=基础配置!$B$4,"寿命预警",$F12)),$F12)) -> 研磨中
A13: MJ-206 | B13: 端盖成型模 | C13: SB-205 | D13: =IF($C13="","",IFERROR(VLOOKUP($C13,设备状态!$A:$C,3,0),"")) -> 二号冲压车间 | E13: DG-200 端盖 | F13: 维修复用 | G13: 91300 | H13: 150000 | I13: =IF(OR($G13="",$H13="",$H13=0),"",$G13/$H13) -> 0.60866667 | J13: =IF(OR($G13="",$H13=""),"",MAX($H13-$G13,0)) -> 58700 | K13: 46270 | L13: 46222 | M13: 郑伟东 | N13: =IF($F13="","",IF(AND($F13="在用",$I13<>""),IF($I13>=1,"超寿命待研磨",IF($I13>=基础配置!$B$4,"寿命预警",$F13)),$F13)) -> 维修复用
... A20: MJ-B-035 | B20: 泵壳成型模 | C20: YL-B-035 | D20: =IF($C20="","",IFERROR(VLOOKUP($C20,设备状态!$A:$C,3,0),"")) -> 一号冲压车间 | E20: GD50-200/400泵壳 | F20: 待用 | G20: 10000 | H20: 20000 | I20: =IF(OR($G20="",$H20="",$H20=0),"",$G20/$H20) -> 0.5 | J20: =IF(OR($G20="",$H20=""),"",MAX($H20-$G20,0)) -> 10000 | K20: 46163 | L20: 46163 | M20: 何少军 | N20: =IF($F20="","",IF(AND($F20="在用",$I20<>""),IF($I20>=1,"超寿命待研磨",IF($I20>=基础配置!$B$4,"寿命预警",$F20)),$F20)) -> 待用

Sheet 停机记录
A1: 发生时间 | B1: 设备编号 | C1: 所属车间 | D1: 原因分类 | E1: 停机原因 | F1: 停机时长(min) | G1: 影响产量(件) | H1: 处理人 | I1: 处理状态
A2: 46295.385 | B2: SB-104 | C2: =IF($B2="","",IFERROR(VLOOKUP($B2,设备状态!$A:$C,3,0),"")) -> 一号冲压车间 | D2: 设备故障 | E2: 液压系统泄漏 | F2: 185 | G2: 550 | H2: 赵明辉 | I2: 维修中
A3: 46295.444 | B3: SB-104 | C3: =IF($B3="","",IFERROR(VLOOKUP($B3,设备状态!$A:$C,3,0),"")) -> 一号冲压车间 | D3: 设备故障 | E3: 液压系统泄漏 | F3: 225 | G3: 670 | H3: 赵明辉 | I3: 维修中
A4: 46295.347 | B4: SB-305 | C4: =IF($B4="","",IFERROR(VLOOKUP($B4,设备状态!$A:$C,3,0),"")) -> 三号焊接车间 | D4: 设备故障 | E4: 电机过热跳闸 | F4: 480 | G4: 1280 | H4: 邓伟民 | I4: 维修中
A5: 46295.462 | B5: SB-203 | C5: =IF($B5="","",IFERROR(VLOOKUP($B5,设备状态!$A:$C,3,0),"")) -> 二号冲压车间 | D5: 计划保养 | E5: 季度计划保养 | F5: 720 | G5: 1800 | H5: 周建军 | I5: 已闭环
A6: 46295.41 | B6: SB-205 | C6: =IF($B6="","",IFERROR(VLOOKUP($B6,设备状态!$A:$C,3,0),"")) -> 二号冲压车间 | D6: 待料 | E6: 板料供应延迟 | F6: 180 | G6: 780 | H6: 郑伟东 | I6: 已闭环
A7: 46295.545 | B7: SB-205 | C7: =IF($B7="","",IFERROR(VLOOKUP($B7,设备状态!$A:$C,3,0),"")) -> 二号冲压车间 | D7: 换模调机 | E7: 模具安装调试 | F7: 145 | G7: 620 | H7: 郑伟东 | I7: 已闭环
A8: 46295.34 | B8: SB-205 | C8: =IF($B8="","",IFERROR(VLOOKUP($B8,设备状态!$A:$C,3,0),"")) -> 二号冲压车间 | D8: 待料 | E8: 订单排产等待 | F8: 300 | G8: 1300 | H8: 郑伟东 | I8: 已闭环
A9: 46295.431 | B9: SB-103 | C9: =IF($B9="","",IFERROR(VLOOKUP($B9,设备状态!$A:$C,3,0),"")) -> 一号冲压车间 | D9: 换模调机 | E9: 换模调机 | F9: 300 | G9: 1200 | H9: 王振宇 | I9: 已闭环
A10: 46295.358 | B10: SB-101 | C10: =IF($B10="","",IFERROR(VLOOKUP($B10,设备状态!$A:$C,3,0),"")) -> 一号冲压车间 | D10: 其他 | E10: 安全光栅校验 | F10: 65 | G10: 280 | H10: 张建国 | I10: 已闭环
A11: 46295.507 | B11: SB-102 | C11: =IF($B11="","",IFERROR(VLOOKUP($B11,设备状态!$A:$C,3,0),"")) -> 一号冲压车间 | D11: 设备故障 | E11: 送料机构卡料 | F11: 30 | G11: 155 | H11: 李海峰 | I11: 已闭环
A12: 46295.42 | B12: SB-105 | C12: =IF($B12="","",IFERROR(VLOOKUP($B12,设备状态!$A:$C,3,0),"")) -> 一号冲压车间 | D12: 换模调机 | E12: 模具保养后试模 | F12: 55 | G12: 165 | H12: 陈立新 | I12: 已闭环
A13: 46295.479 | B13: SB-201 | C13: =IF($B13="","",IFERROR(VLOOKUP($B13,设备状态!$A:$C,3,0),"")) -> 二号冲压车间 | D13: 设备故障 | E13: 废料排放异常 | F13: 20 | G13: 165 | H13: 刘志强 | I13: 已闭环
... A20: 46301 | B20: YL-B-035 | C20: =IF($B20="","",IFERROR(VLOOKUP($B20,设备状态!$A:$C,3,0),"")) -> 一号冲压车间 | D20: 换模调机 | E20: 模具安装调试 | F20: 60 | G20: 620 | H20: 郑伟东 | I20: 已闭环

Sheet 汇总
A1: 泵业冲压车间生产汇总（公式自动统计）
A2: 车间 | B2: 设备数 | C2: 运行 | D2: 待机 | E2: 调模 | F2: 故障停机 | G2: 计划保养 | H2: 开机率 | I2: 当班产量(件) | J2: 计划产量(件) | K2: 达成率 | L2: 平均OEE
A3: 一号冲压车间 | B3: =COUNTIF(设备状态!$C:$C,$A3) -> 6 | C3: =COUNTIFS(设备状态!$C:$C,$A3,设备状态!$F:$F,C$2) -> 3 | D3: =COUNTIFS(设备状态!$C:$C,$A3,设备状态!$F:$F,D$2) -> 0 | E3: =COUNTIFS(设备状态!$C:$C,$A3,设备状态!$F:$F,E$2) -> 2 | F3: =COUNTIFS(设备状态!$C:$C,$A3,设备状态!$F:$F,F$2) -> 1 | G3: =COUNTIFS(设备状态!$C:$C,$A3,设备状态!$F:$F,G$2) -> 0 | H3: =IF(OR($B3="",$B3=0),"",$C3/$B3) -> 0.5 | I3: =SUMIF(设备状态!$C:$C,$A3,设备状态!$I:$I) -> 11120 | J3: =SUMIF(设备状态!$C:$C,$A3,设备状态!$K:$K) -> 13600 | K3: =IF(OR($J3="",$J3=0),"",$I3/$J3) -> 0.81764706 | L3: =IF($B3=0,"",SUMIF(设备状态!$C:$C,$A3,设备状态!$P:$P)/COUNTIFS(设备状态!$C:$C,$A3,设备状态!$P:$P,">0")) -> 0.74715198
A4: 二号冲压车间 | B4: =COUNTIF(设备状态!$C:$C,$A4) -> 5 | C4: =COUNTIFS(设备状态!$C:$C,$A4,设备状态!$F:$F,C$2) -> 3 | D4: =COUNTIFS(设备状态!$C:$C,$A4,设备状态!$F:$F,D$2) -> 1 | E4: =COUNTIFS(设备状态!$C:$C,$A4,设备状态!$F:$F,E$2) -> 0 | F4: =COUNTIFS(设备状态!$C:$C,$A4,设备状态!$F:$F,F$2) -> 0 | G4: =COUNTIFS(设备状态!$C:$C,$A4,设备状态!$F:$F,G$2) -> 1 | H4: =IF(OR($B4="",$B4=0),"",$C4/$B4) -> 0.6 | I4: =SUMIF(设备状态!$C:$C,$A4,设备状态!$I:$I) -> 14810 | J4: =SUMIF(设备状态!$C:$C,$A4,设备状态!$K:$K) -> 18600 | K4: =IF(OR($J4="",$J4=0),"",$I4/$J4) -> 0.79623656 | L4: =IF($B4=0,"",SUMIF(设备状态!$C:$C,$A4,设备状态!$P:$P)/COUNTIFS(设备状态!$C:$C,$A4,设备状态!$P:$P,">0")) -> 0.72954917
A5: 三号焊接车间 | B5: =COUNTIF(设备状态!$C:$C,$A5) -> 5 | C5: =COUNTIFS(设备状态!$C:$C,$A5,设备状态!$F:$F,C$2) -> 3 | D5: =COUNTIFS(设备状态!$C:$C,$A5,设备状态!$F:$F,D$2) -> 1 | E5: =COUNTIFS(设备状态!$C:$C,$A5,设备状态!$F:$F,E$2) -> 0 | F5: =COUNTIFS(设备状态!$C:$C,$A5,设备状态!$F:$F,F$2) -> 1 | G5: =COUNTIFS(设备状态!$C:$C,$A5,设备状态!$F:$F,G$2) -> 0 | H5: =IF(OR($B5="",$B5=0),"",$C5/$B5) -> 0.6 | I5: =SUMIF(设备状态!$C:$C,$A5,设备状态!$I:$I) -> 8040 | J5: =SUMIF(设备状态!$C:$C,$A5,设备状态!$K:$K) -> 10800 | K5: =IF(OR($J5="",$J5=0),"",$I5/$J5) -> 0.74444444 | L5: =IF($B5=0,"",SUMIF(设备状态!$C:$C,$A5,设备状态!$P:$P)/COUNTIFS(设备状态!$C:$C,$A5,设备状态!$P:$P,">0")) -> 0.66353963
A6: 合计 | B6: =SUM(B3:B5) -> 16 | C6: =SUM(C3:C5) -> 9 | D6: =SUM(D3:D5) -> 2 | E6: =SUM(E3:E5) -> 2 | F6: =SUM(F3:F5) -> 2 | G6: =SUM(G3:G5) -> 1 | H6: =IF($B6=0,"",$C6/$B6) -> 0.5625 | I6: =SUM(I3:I5) -> 33970 | J6: =SUM(J3:J5) -> 43000 | K6: =IF($J6=0,"",$I6/$J6) -> 0.79 | L6: =IFERROR(SUM(设备状态!$P$2:$P$16)/COUNTIF(设备状态!$P$2:$P$16,">0"),"") -> 0.71226105
A8: 模具状态分布
A9: 模具状态 | B9: 数量 | C9: 占比 | D9: 平均寿命占用 | E9: 寿命预警数
A10: 在用 | B10: =COUNTIF(模具状态!$F:$F,$A10) -> 12 | C10: =IF(OR($B$15="",$B$15=0),"",$B10/$B$15) -> 0.63157895 | D10: =IF($B10=0,"",SUMIFS(模具状态!$I:$I,模具状态!$F:$F,$A10,模具状态!$I:$I,">0")/COUNTIFS(模具状态!$F:$F,$A10,模具状态!$I:$I,">0")) -> 0.72577639 | E10: =IF($A10<>"在用","",COUNTIFS(模具状态!$N:$N,"寿命预警")+COUNTIFS(模具状态!$N:$N,"超寿命待研磨")) -> 5
A11: 待用 | B11: =COUNTIF(模具状态!$F:$F,$A11) -> 4 | C11: =IF(OR($B$15="",$B$15=0),"",$B11/$B$15) -> 0.21052632 | D11: =IF($B11=0,"",SUMIFS(模具状态!$I:$I,模具状态!$F:$F,$A11,模具状态!$I:$I,">0")/COUNTIFS(模具状态!$F:$F,$A11,模具状态!$I:$I,">0")) -> 0.45925 | E11: =IF($A11<>"在用","",COUNTIFS(模具状态!$N:$N,"寿命预警")+COUNTIFS(模具状态!$N:$N,"超寿命待研磨"))
A12: 研磨中 | B12: =COUNTIF(模具状态!$F:$F,$A12) -> 1 | C12: =IF(OR($B$15="",$B$15=0),"",$B12/$B$15) -> 0.052631579 | D12: =IF($B12=0,"",SUMIFS(模具状态!$I:$I,模具状态!$F:$F,$A12,模具状态!$I:$I,">0")/COUNTIFS(模具状态!$F:$F,$A12,模具状态!$I:$I,">0")) -> 0.66222222 | E12: =IF($A12<>"在用","",COUNTIFS(模具状态!$N:$N,"寿命预警")+COUNTIFS(模具状态!$N:$N,"超寿命待研磨"))
A13: 维修复用 | B13: =COUNTIF(模具状态!$F:$F,$A13) -> 1 | C13: =IF(OR($B$15="",$B$15=0),"",$B13/$B$15) -> 0.052631579 | D13: =IF($B13=0,"",SUMIFS(模具状态!$I:$I,模具状态!$F:$F,$A13,模具状态!$I:$I,">0")/COUNTIFS(模具状态!$F:$F,$A13,模具状态!$I:$I,">0")) -> 0.60866667 | E13: =IF($A13<>"在用","",COUNTIFS(模具状态!$N:$N,"寿命预警")+COUNTIFS(模具状态!$N:$N,"超寿命待研磨"))
A14: 已报废 | B14: =COUNTIF(模具状态!$F:$F,$A14) -> 1 | C14: =IF(OR($B$15="",$B$15=0),"",$B14/$B$15) -> 0.052631579 | D14: =IF($B14=0,"",SUMIFS(模具状态!$I:$I,模具状态!$F:$F,$A14,模具状态!$I:$I,">0")/COUNTIFS(模具状态!$F:$F,$A14,模具状态!$I:$I,">0")) -> 1.1016667 | E14: =IF($A14<>"在用","",COUNTIFS(模具状态!$N:$N,"寿命预警")+COUNTIFS(模具状态!$N:$N,"超寿命待研磨"))
A15: 合计 | B15: =SUM(B10:B14) -> 19 | C15: =IF(OR($B$15="",$B$15=0),"",$B$15/$B$15) -> 1 | D15: =IFERROR(SUM(模具状态!$I$2:$I$19)/COUNTIF(模具状态!$I$2:$I$19,">0"),"") -> 0.68993735 | E15: =SUM(E10:E14) -> 5
A17: 停机原因分类汇总（当班）
A18: 原因分类 | B18: 次数 | C18: 总时长(min) | D18: 影响产量(件) | E18: 时长占比
A19: 设备故障 | B19: =COUNTIF(停机记录!$D:$D,$A19) -> 9 | C19: =SUMIF(停机记录!$D:$D,$A19,停机记录!$F:$F) -> 1150 | D19: =SUMIF(停机记录!$D:$D,$A19,停机记录!$G:$G) -> 3730 | E19: =IF(OR($C$24="",$C$24=0),"",$C19/$C$24) -> 0.32167832
A20: 计划保养 | B20: =COUNTIF(停机记录!$D:$D,$A20) -> 1 | C20: =SUMIF(停机记录!$D:$D,$A20,停机记录!$F:$F) -> 720 | D20: =SUMIF(停机记录!$D:$D,$A20,停机记录!$G:$G) -> 1800 | E20: =IF(OR($C$24="",$C$24=0),"",$C20/$C$24) -> 0.2013986
A21: 换模调机 | B21: =COUNTIF(停机记录!$D:$D,$A21) -> 5 | C21: =SUMIF(停机记录!$D:$D,$A21,停机记录!$F:$F) -> 620 | D21: =SUMIF(停机记录!$D:$D,$A21,停机记录!$G:$G) -> 2865 | E21: =IF(OR($C$24="",$C$24=0),"",$C21/$C$24) -> 0.17342657
A22: 待料 | B22: =COUNTIF(停机记录!$D:$D,$A22) -> 3 | C22: =SUMIF(停机记录!$D:$D,$A22,停机记录!$F:$F) -> 1020 | D22: =SUMIF(停机记录!$D:$D,$A22,停机记录!$G:$G) -> 4360 | E22: =IF(OR($C$24="",$C$24=0),"",$C22/$C$24) -> 0.28531469
A23: 其他 | B23: =COUNTIF(停机记录!$D:$D,$A23) -> 1 | C23: =SUMIF(停机记录!$D:$D,$A23,停机记录!$F:$F) -> 65 | D23: =SUMIF(停机记录!$D:$D,$A23,停机记录!$G:$G) -> 280 | E23: =IF(OR($C$24="",$C$24=0),"",$C23/$C$24) -> 0.018181818
A24: 合计 | B24: =SUM(B19:B23) -> 19 | C24: =SUM(C19:C23) -> 3575 | D24: =SUM(D19:D23) -> 13035 | E24: =IF(OR($C$24="",$C$24=0),"",$C$24/$C$24) -> 1

Sheet 基础配置
A1: 基础配置（修改后全表自动联动）
A3: 班次计划生产时间(min/班) | B3: 720 | C3: ← 白班 08:00-20:00
A4: 模具寿命预警阈值 | B4: 0.9 | C4: ← 低于该占用率触发预警
A7: 设备状态 | B7: 模具状态 | C7: 停机原因分类 | D7: 班次 | E7: 产品清单 | F7: 处理状态
A8: 运行 | B8: 在用 | C8: 设备故障 | D8: 白班 | E8: PK-400 泵壳 | F8: 维修中
A9: 待机 | B9: 待用 | C9: 计划保养 | D9: 夜班 | E9: YL-250 叶轮 | F9: 已闭环
A10: 调模 | B10: 研磨中 | C10: 换模调机 | E10: FL-150 法兰
A11: 故障停机 | B11: 维修复用 | C11: 待料 | E11: MF-100 密封盖
A12: 计划保养 | B12: 已报废 | C12: 其他 | E12: DG-200 端盖
E13: PT-350 泵体
E14: ZJ-063 泵支架
